{"count":1,"self":1235.7676032,"total":3167.0010088,"children":{"InitializeActuators":{"count":7,"self":0.0020135,"total":0.0020135,"children":null},"InitializeSensors":{"count":7,"self":0.0012694,"total":0.0012694,"children":null},"AgentSendState":{"count":3287667,"self":9.6081056,"total":297.5418811,"children":{"CollectObservations":{"count":986301,"self":2.2887288,"total":2.2887288999999997,"children":null},"CollectDiscreteActionMasks":{"count":986301,"self":0.58883049999999992,"total":0.58883049999999992,"children":null},"RequestDecision":{"count":986301,"self":3.3966984,"total":285.05621629999996,"children":{"AgentInfo.ToProto":{"count":986301,"self":3.4158003999999997,"total":281.65951789999997,"children":{"GenerateSensorData":{"count":986301,"self":278.24371199999996,"total":278.24371759999997,"children":null}}}}}}},"DecideAction":{"count":3287667,"self":1583.4092544,"total":1583.4092954999999,"children":null},"AgentAct":{"count":3287667,"self":46.641609599999995,"total":49.734982099999996,"children":{"AgentInfo.ToProto":{"count":8938,"self":0.0404748,"total":3.0933725,"children":{"GenerateSensorData":{"count":8938,"self":3.0528975999999997,"total":3.0528977,"children":null}}}}},"AgentInfo.ToProto":{"count":1800,"self":0.0085209,"total":0.5429724,"children":{"GenerateSensorData":{"count":1800,"self":0.5344515,"total":0.5344515,"children":null}}}},"gauges":{"DevDay.CumulativeReward":{"count":10738,"max":15.0577593,"min":-0.226939723,"runningAverage":1.45872879,"value":14.9598265,"weightedAverage":8.698467}},"metadata":{"timer_format_version":"0.1.0","start_time_seconds":"1692539900","unity_version":"2021.3.22f1","command_line_arguments":"C:\\Program Files\\Unity\\Hub\\Editor\\2021.3.22f1\\Editor\\Unity.exe -projectpath C:\\Unity\\DevDay -useHub -hubIPC -cloudEnvironment production -licensingIpc LicenseClient-user -hubSessionId 4000bee0-3f23-11ee-8142-3b758748ba6e -accessToken ZqIL6VIpTlsZGLo0J5osnQllpN8VLndcJ8oAVk4Koks00df","communication_protocol_version":"1.2.0","com.unity.ml-agents_version":"1.5.0-preview","scene_name":"DevDay","end_time_seconds":"1692543067"}}